id,role,username,password,balance,namaToko
f2ddd77f-67f1-42df-b57e-1c9953458433,Pembeli,testpembeli,testpass,150000,
4511c50d-2a86-469c-a6d5-e66073d309d8,Penjual,testpenjual,testpass,0,TestToko
c289075a-ff68-409d-abc1-219cd1215e80,Pembeli,testpembeli,testpass,100000,
2fe303ee-5ebd-4f49-92d4-d402dfc37dc5,Penjual,testpenjual,testpass,0,TestToko
45d231c5-5d9f-481d-9226-22609b8cd469,Pembeli,testpembeli,testpass,100000,
791656da-a799-4ef3-990f-618b95c49ffd,Penjual,testpenjual,testpass,0,TestToko
1fc03ea8-ee4e-4bf3-8c9f-3d3c832a97b7,Pembeli,testpembeli,testpass,100000,
d2da7f44-c3d6-4849-b9cc-a8fd6a57fbcb,Penjual,testpenjual,testpass,0,TestToko
50c49935-72c7-41e1-892c-d14b18592d04,Pembeli,testpembeli,testpass,100000,
2f011a17-f8e6-4ed5-a39f-ca6d9fabcf8f,Penjual,testpenjual,testpass,0,TestToko
76e4e27d-0a83-4a76-93bb-137f4db98aef,Pembeli,testpembeli,testpass,100000,
80e44355-49ae-4d74-94ed-d2245f16bf84,Penjual,testpenjual,testpass,0,TestToko
4db4e0ae-b926-489b-aa51-577b795df11f,Pembeli,testpembeli,testpass,100000,
0743fe0b-e85a-497d-be06-ef095f1fad46,Penjual,testpenjual,testpass,0,TestToko
5d3d7f85-89fe-46f2-9f89-9b471c3eb8d9,Pembeli,testpembeli,testpass,100000,
23151c65-425e-4e05-9ac0-586944527ea9,Penjual,testpenjual,testpass,0,TestToko
7df41cca-702a-4f16-97ee-c825e9f54c97,Pengirim,testpengirim,testpass,100000,
a54d6ab3-045b-41d7-b0b8-9e9468144721,Pengirim,testpengirim,testpass,100000,
fe96ca45-8720-4414-b9bc-d7a0df1cb582,Pengirim,testpengirim,testpass,100000,
b8a236cf-ba75-42a1-ab72-4ad314e4c6aa,Pengirim,testpengirim,testpass,100000,
d9ee9fea-0f5a-403a-a798-f67af284b3c7,Pengirim,testpengirim,testpass,100000,
e5353dc7-d4ec-4684-adfb-944910a2001a,Pengirim,testpengirim,testpass,100000,
